/*
Navicat MySQL Data Transfer

Source Server         : MYSQL
Source Server Version : 50618
Source Host           : localhost:3306
Source Database       : fhadmin

Target Server Type    : MYSQL
Target Server Version : 50618
File Encoding         : 65001

Date: 2016-06-06 03:29:55
*/

SET FOREIGN_KEY_CHECKS=0;

-- ----------------------------
-- Table structure for db_fhdb
-- ----------------------------
DROP TABLE IF EXISTS `db_fhdb`;
CREATE TABLE `db_fhdb` (
  `FHDB_ID` varchar(100) NOT NULL,
  `USERNAME` varchar(50) DEFAULT NULL COMMENT '操作用户',
  `BACKUP_TIME` varchar(32) DEFAULT NULL COMMENT '备份时间',
  `TABLENAME` varchar(50) DEFAULT NULL COMMENT '表名',
  `SQLPATH` varchar(300) DEFAULT NULL COMMENT '存储位置',
  `TYPE` int(1) NOT NULL COMMENT '类型',
  `DBSIZE` varchar(10) DEFAULT NULL COMMENT '文件大小',
  `BZ` varchar(255) DEFAULT NULL COMMENT '备注',
  PRIMARY KEY (`FHDB_ID`)
) ENGINE=InnoDB DEFAULT CHARSET=utf8;

-- ----------------------------
-- Records of db_fhdb
-- ----------------------------

-- ----------------------------
-- Table structure for db_timingbackup
-- ----------------------------
DROP TABLE IF EXISTS `db_timingbackup`;
CREATE TABLE `db_timingbackup` (
  `TIMINGBACKUP_ID` varchar(100) NOT NULL,
  `JOBNAME` varchar(50) DEFAULT NULL COMMENT '任务名称',
  `CREATE_TIME` varchar(32) DEFAULT NULL COMMENT '创建时间',
  `TABLENAME` varchar(50) DEFAULT NULL COMMENT '表名',
  `STATUS` int(1) NOT NULL COMMENT '类型',
  `FHTIME` varchar(30) DEFAULT NULL COMMENT '时间规则',
  `TIMEEXPLAIN` varchar(100) DEFAULT NULL COMMENT '规则说明',
  `BZ` varchar(255) DEFAULT NULL COMMENT '备注',
  PRIMARY KEY (`TIMINGBACKUP_ID`)
) ENGINE=InnoDB DEFAULT CHARSET=utf8;

-- ----------------------------
-- Records of db_timingbackup
-- ----------------------------
INSERT INTO `db_timingbackup` VALUES ('311e06c34a5e4518a86d5d30799f9b55', 'sys_app_user_515762', '2016-04-11 17:04:55', 'sys_app_user', '2', '1/2 * * ? * *', '每个月的 每周 每天 每小时执行一次', '备份任务');
INSERT INTO `db_timingbackup` VALUES ('bc4a788bc2ec40bdb1b7730131c26d42', 'sys_app_user_359515', '2016-04-12 17:24:05', 'sys_app_user', '2', '1/3 * * ? * *', '每个月的 每周 每天 每小时执行一次', 'ssss');

-- ----------------------------
-- Table structure for oa_datajur
-- ----------------------------
DROP TABLE IF EXISTS `oa_datajur`;
CREATE TABLE `oa_datajur` (
  `DATAJUR_ID` varchar(100) NOT NULL,
  `DEPARTMENT_IDS` varchar(5000) DEFAULT NULL COMMENT '部门ID组合',
  `STAFF_ID` varchar(100) DEFAULT NULL COMMENT '员工ID',
  `DEPARTMENT_ID` varchar(100) DEFAULT NULL,
  PRIMARY KEY (`DATAJUR_ID`),
  KEY `FSTAFF` (`STAFF_ID`),
  CONSTRAINT `FSTAFF` FOREIGN KEY (`STAFF_ID`) REFERENCES `oa_staff` (`STAFF_ID`) ON DELETE CASCADE ON UPDATE CASCADE
) ENGINE=InnoDB DEFAULT CHARSET=utf8;

-- ----------------------------
-- Records of oa_datajur
-- ----------------------------
INSERT INTO `oa_datajur` VALUES ('9fd17463ffd7487ab90e683c76026655', '(\'cbbc84eddde947ba8af7d509e430eb70\',\'8f8b045470f342fdbc4c312ab881d62b\',\'83a25761c618457cae2fa1211bd8696d\',\'a0982dea52554225ab682cd4b421de47\',\'fh\')', '9fd17463ffd7487ab90e683c76026655', '5cccdb7c432449d8b853c52880058140');
INSERT INTO `oa_datajur` VALUES ('c9f05f925dfc485b9e352916612ab669', '(\'a0982dea52554225ab682cd4b421de47\',\'fh\')', 'c9f05f925dfc485b9e352916612ab669', '8f8b045470f342fdbc4c312ab881d62b');

-- ----------------------------
-- Table structure for oa_department
-- ----------------------------
DROP TABLE IF EXISTS `oa_department`;
CREATE TABLE `oa_department` (
  `DEPARTMENT_ID` varchar(100) NOT NULL,
  `NAME` varchar(30) DEFAULT NULL COMMENT '名称',
  `NAME_EN` varchar(50) DEFAULT NULL COMMENT '英文',
  `BIANMA` varchar(50) DEFAULT NULL COMMENT '编码',
  `PARENT_ID` varchar(100) DEFAULT NULL COMMENT '上级ID',
  `BZ` varchar(255) DEFAULT NULL COMMENT '备注',
  `HEADMAN` varchar(30) DEFAULT NULL COMMENT '负责人',
  `TEL` varchar(50) DEFAULT NULL COMMENT '电话',
  `FUNCTIONS` varchar(255) DEFAULT NULL COMMENT '部门职能',
  `ADDRESS` varchar(255) DEFAULT NULL COMMENT '地址',
  PRIMARY KEY (`DEPARTMENT_ID`)
) ENGINE=InnoDB DEFAULT CHARSET=utf8;

-- ----------------------------
-- Records of oa_department
-- ----------------------------
INSERT INTO `oa_department` VALUES ('0956d8c279274fca92f4091f2a69a9ad', '销售会计', 'xiaokuai', '05896', 'd41af567914a409893d011aa53eda797', '', '', '', '', '');
INSERT INTO `oa_department` VALUES ('3e7227e11dc14b4d9e863dd1a1fcedf6', '成本会计', 'chengb', '03656', 'd41af567914a409893d011aa53eda797', '', '', '', '', '');
INSERT INTO `oa_department` VALUES ('5cccdb7c432449d8b853c52880058140', 'B公司', 'b', '002', '0', '冶铁', '李四', '112', '冶铁', '河北');
INSERT INTO `oa_department` VALUES ('83a25761c618457cae2fa1211bd8696d', '销售B组', 'xiaob', '002365', 'cbbc84eddde947ba8af7d509e430eb70', '', '李四', '', '', '');
INSERT INTO `oa_department` VALUES ('8f8b045470f342fdbc4c312ab881d62b', '销售A组', 'xiaoA', '0326', 'cbbc84eddde947ba8af7d509e430eb70', '', '张三', '0201212', '', '');
INSERT INTO `oa_department` VALUES ('a0982dea52554225ab682cd4b421de47', '1队', 'yidui', '02563', '8f8b045470f342fdbc4c312ab881d62b', '', '小王', '12356989', '', '');
INSERT INTO `oa_department` VALUES ('a6c6695217ba4a4dbfe9f7e9d2c06730', 'A公司', 'a', '001', '0', '挖煤', '张三', '110', '洼煤矿', '山西');
INSERT INTO `oa_department` VALUES ('cbbc84eddde947ba8af7d509e430eb70', '销售部', 'xiaoshoubu', '00201', '5cccdb7c432449d8b853c52880058140', '推销商品', '小明', '11236', '推销商品', '909办公室');
INSERT INTO `oa_department` VALUES ('d41af567914a409893d011aa53eda797', '财务部', 'caiwubu', '00101', 'a6c6695217ba4a4dbfe9f7e9d2c06730', '负责发工资', '王武', '11236', '管理财务', '308办公室');

-- ----------------------------
-- Table structure for oa_fhfile
-- ----------------------------
DROP TABLE IF EXISTS `oa_fhfile`;
CREATE TABLE `oa_fhfile` (
  `FHFILE_ID` varchar(100) NOT NULL,
  `NAME` varchar(30) DEFAULT NULL COMMENT '文件名',
  `FILEPATH` varchar(100) DEFAULT NULL COMMENT '路径',
  `CTIME` varchar(32) DEFAULT NULL COMMENT '上传时间',
  `BZ` varchar(100) DEFAULT NULL COMMENT '备注',
  `USERNAME` varchar(50) DEFAULT NULL COMMENT '长传者',
  `DEPARTMENT_ID` varchar(100) DEFAULT NULL COMMENT '部门ID',
  `FILESIZE` varchar(10) DEFAULT NULL COMMENT '文件大小',
  PRIMARY KEY (`FHFILE_ID`)
) ENGINE=InnoDB DEFAULT CHARSET=utf8;

-- ----------------------------
-- Records of oa_fhfile
-- ----------------------------
INSERT INTO `oa_fhfile` VALUES ('00a3a22cde5a4a87b935f69a07a095cd', 'ssdf', '2016060308062777776.txt', '2016-06-03 20:06:27', 's', 'admin', '0', '0.643');
INSERT INTO `oa_fhfile` VALUES ('10d0d0a30c5a4d1798f6abbb6a4eafb8', 'f1', '2016060211505730809.png', '2016-06-02 23:50:57', '21', 'lisi', '8f8b045470f342fdbc4c312ab881d62b', '522.43');
INSERT INTO `oa_fhfile` VALUES ('1d12e3f914cf493c9bde0cff3584cefb', 'w1', '2016060211500388907.png', '2016-06-02 23:50:03', 'w1', 'san', '5cccdb7c432449d8b853c52880058140', '6.389');

-- ----------------------------
-- Table structure for oa_staff
-- ----------------------------
DROP TABLE IF EXISTS `oa_staff`;
CREATE TABLE `oa_staff` (
  `STAFF_ID` varchar(100) NOT NULL,
  `NAME` varchar(50) DEFAULT NULL COMMENT '姓名',
  `NAME_EN` varchar(50) DEFAULT NULL COMMENT '英文',
  `BIANMA` varchar(100) DEFAULT NULL COMMENT '编码',
  `DEPARTMENT_ID` varchar(100) DEFAULT NULL COMMENT '部门',
  `FUNCTIONS` varchar(255) DEFAULT NULL COMMENT '职责',
  `TEL` varchar(20) DEFAULT NULL COMMENT '电话',
  `EMAIL` varchar(50) DEFAULT NULL COMMENT '邮箱',
  `SEX` varchar(10) DEFAULT NULL COMMENT '性别',
  `BIRTHDAY` varchar(32) DEFAULT NULL COMMENT '出生日期',
  `NATION` varchar(10) DEFAULT NULL COMMENT '民族',
  `JOBTYPE` varchar(30) DEFAULT NULL COMMENT '岗位类别',
  `JOBJOINTIME` varchar(32) DEFAULT NULL COMMENT '参加工作时间',
  `FADDRESS` varchar(100) DEFAULT NULL COMMENT '籍贯',
  `POLITICAL` varchar(30) DEFAULT NULL COMMENT '政治面貌',
  `PJOINTIME` varchar(32) DEFAULT NULL COMMENT '入团时间',
  `SFID` varchar(20) DEFAULT NULL COMMENT '身份证号',
  `MARITAL` varchar(10) DEFAULT NULL COMMENT '婚姻状况',
  `DJOINTIME` varchar(32) DEFAULT NULL COMMENT '进本单位时间',
  `POST` varchar(30) DEFAULT NULL COMMENT '现岗位',
  `POJOINTIME` varchar(32) DEFAULT NULL COMMENT '上岗时间',
  `EDUCATION` varchar(10) DEFAULT NULL COMMENT '学历',
  `SCHOOL` varchar(30) DEFAULT NULL COMMENT '毕业学校',
  `MAJOR` varchar(30) DEFAULT NULL COMMENT '专业',
  `FTITLE` varchar(30) DEFAULT NULL COMMENT '职称',
  `CERTIFICATE` varchar(30) DEFAULT NULL COMMENT '职业资格证',
  `CONTRACTLENGTH` int(2) NOT NULL COMMENT '劳动合同时长',
  `CSTARTTIME` varchar(32) DEFAULT NULL COMMENT '签订日期',
  `CENDTIME` varchar(32) DEFAULT NULL COMMENT '终止日期',
  `ADDRESS` varchar(100) DEFAULT NULL COMMENT '现住址',
  `USER_ID` varchar(100) DEFAULT NULL COMMENT '绑定账号ID',
  `BZ` varchar(255) DEFAULT NULL COMMENT '备注',
  PRIMARY KEY (`STAFF_ID`)
) ENGINE=InnoDB DEFAULT CHARSET=utf8;

-- ----------------------------
-- Records of oa_staff
-- ----------------------------
INSERT INTO `oa_staff` VALUES ('9fd17463ffd7487ab90e683c76026655', 'www', 'www', 'ww', '5cccdb7c432449d8b853c52880058140', 'ww', 'ww', 'www', '男', '2016-04-27', 'ww', 'ww', '2016-05-03', 'ww', 'ww', '2016-04-25', 'ww', '未婚', '2016-05-09', 'ww', '2016-05-17', 'w', 'w', 'w', 'w', 'www', '2', '2016-05-23', '2016-05-16', 'w', 'san', 'www');
INSERT INTO `oa_staff` VALUES ('c9f05f925dfc485b9e352916612ab669', 'fw', 'y', 'y', '8f8b045470f342fdbc4c312ab881d62b', 'y', 'y', 'y', '男', '2016-06-08', 'y', 'y', '2016-06-03', 'y', 'y', '2016-05-31', 'y', '已婚', '2016-06-07', 'y', '2016-06-08', 'y', 'y', 'y', 'y', 'y', '4', '2016-06-21', '2016-06-21', 'y', 'lisi', 'y');

-- ----------------------------
-- Table structure for sys_app_user
-- ----------------------------
DROP TABLE IF EXISTS `sys_app_user`;
CREATE TABLE `sys_app_user` (
  `USER_ID` varchar(100) NOT NULL,
  `USERNAME` varchar(255) DEFAULT NULL,
  `PASSWORD` varchar(255) DEFAULT NULL,
  `NAME` varchar(255) DEFAULT NULL,
  `RIGHTS` varchar(255) DEFAULT NULL,
  `ROLE_ID` varchar(100) DEFAULT NULL,
  `LAST_LOGIN` varchar(255) DEFAULT NULL,
  `IP` varchar(100) DEFAULT NULL,
  `STATUS` varchar(32) DEFAULT NULL,
  `BZ` varchar(255) DEFAULT NULL,
  `PHONE` varchar(100) DEFAULT NULL,
  `SFID` varchar(100) DEFAULT NULL,
  `START_TIME` varchar(100) DEFAULT NULL,
  `END_TIME` varchar(100) DEFAULT NULL,
  `YEARS` int(10) DEFAULT NULL,
  `NUMBER` varchar(100) DEFAULT NULL,
  `EMAIL` varchar(32) DEFAULT NULL,
  PRIMARY KEY (`USER_ID`)
) ENGINE=InnoDB DEFAULT CHARSET=utf8;

-- ----------------------------
-- Records of sys_app_user
-- ----------------------------
INSERT INTO `sys_app_user` VALUES ('1e89e6504be349a68c025976b3ecc1d1', 'a1', '698d51a19d8a121ce581499d7b701668', '会员甲', '', '115b386ff04f4352b060dffcd2b5d1da', '', '', '1', '121', '1212', '1212', '2015-12-02', '2015-12-25', '2', '111', '313596790@qq.com');
INSERT INTO `sys_app_user` VALUES ('55d00299ec76448790e5f38da99b8ed6', 'dd', '698d51a19d8a121ce581499d7b701668', '1212', '', '1b67fc82ce89457a8347ae53e43a347e', '', '', '1', '1213', '213123', '213', '2016-03-30', '2016-03-31', '123', '1121', '213435345@qq.com');

-- ----------------------------
-- Table structure for sys_createcode
-- ----------------------------
DROP TABLE IF EXISTS `sys_createcode`;
CREATE TABLE `sys_createcode` (
  `CREATECODE_ID` varchar(100) NOT NULL,
  `PACKAGENAME` varchar(50) DEFAULT NULL COMMENT '包名',
  `OBJECTNAME` varchar(50) DEFAULT NULL COMMENT '类名',
  `TABLENAME` varchar(50) DEFAULT NULL COMMENT '表名',
  `FIELDLIST` varchar(5000) DEFAULT NULL COMMENT '属性集',
  `CREATETIME` varchar(100) DEFAULT NULL COMMENT '创建时间',
  `TITLE` varchar(255) DEFAULT NULL COMMENT '描述',
  `FHTYPE` varchar(32) DEFAULT NULL,
  PRIMARY KEY (`CREATECODE_ID`)
) ENGINE=InnoDB DEFAULT CHARSET=utf8;

-- ----------------------------
-- Records of sys_createcode
-- ----------------------------
INSERT INTO `sys_createcode` VALUES ('002ea762e3e242a7a10ea5ca633701d8', 'system', 'Buttonrights', 'sys_,fh,BUTTONRIGHTS', 'NAME,fh,String,fh,名称,fh,是,fh,无,fh,255Q313596790', '2016-01-16 23:20:36', '按钮权限', 'single');
INSERT INTO `sys_createcode` VALUES ('043843a286f84549ad3fa71aac827f6f', 'system', 'FHlog', 'SYS_,fh,FHLOG', 'USERNAME,fh,String,fh,用户名,fh,是,fh,无,fh,100,fh,0Q313596790CZTIME,fh,Date,fh,操作时间,fh,否,fh,无,fh,32,fh,0Q313596790CONTENT,fh,String,fh,事件,fh,是,fh,无,fh,255,fh,0Q313596790', '2016-05-10 21:10:16', '操作日志记录', 'single');
INSERT INTO `sys_createcode` VALUES ('0ee023606efb45b9a3baaa072e502161', 'information', 'FtestMx', 'FH_,fh,FTESTMX', 'TITLE,fh,String,fh,标题,fh,是,fh,无,fh,255,fh,0Q313596790CHANGDU,fh,Integer,fh,长度,fh,是,fh,无,fh,11,fh,0Q313596790', '2016-04-21 01:52:11', '主表测试(明细)', 'sontable');
INSERT INTO `sys_createcode` VALUES ('1be959583e82473b82f6e62087bd0d38', 'information', 'Attached', 'TB_,fh,ATTACHED', 'NAME,fh,String,fh,NAME,fh,是,fh,无,fh,255,fh,0Q313596790FDESCRIBE,fh,String,fh,FDESCRIBE,fh,是,fh,无,fh,255,fh,0Q313596790PRICE,fh,Double,fh,PRICE,fh,是,fh,无,fh,11,fh,2Q313596790CTIME,fh,Date,fh,CTIME,fh,否,fh,无,fh,32,fh,0Q313596790', '2016-04-21 17:07:59', '主表测试', 'fathertable');
INSERT INTO `sys_createcode` VALUES ('3da8e8bd757c44148d89931a54d29c88', 'system', 'UserPhoto', 'SYS_,fh,USERPHOTO', 'USERNAME,fh,String,fh,用户名,fh,否,fh,无,fh,30,fh,0Q313596790PHOTO0,fh,String,fh,原图,fh,否,fh,无,fh,100,fh,0Q313596790PHOTO1,fh,String,fh,头像1,fh,否,fh,无,fh,100,fh,0Q313596790PHOTO2,fh,String,fh,头像2,fh,否,fh,无,fh,100,fh,0Q313596790PHOTO3,fh,String,fh,头像3,fh,否,fh,无,fh,100,fh,0Q313596790', '2016-06-05 17:54:25', '用户头像', 'single');
INSERT INTO `sys_createcode` VALUES ('4173a8c56a504dd6b6213d2b9cd3e91b', 'information', 'AttachedMx', 'TB_,fh,ATTACHEDMX', 'NAME,fh,String,fh,NAME,fh,是,fh,无,fh,255,fh,0Q313596790TITLE,fh,String,fh,TITLE,fh,是,fh,无,fh,255,fh,0Q313596790CTIME,fh,Date,fh,CTIME,fh,否,fh,无,fh,32,fh,0Q313596790PRICE,fh,Double,fh,PRICE,fh,是,fh,无,fh,11,fh,2Q313596790', '2016-04-21 17:09:40', '主表测试(明细)', 'sontable');
INSERT INTO `sys_createcode` VALUES ('41e07fb03763434daef41cd99d0406c3', 'system', 'LogInImg', 'SYS_,fh,LOGINIMG', 'NAME,fh,String,fh,文件名,fh,是,fh,无,fh,30,fh,0Q313596790FILEPATH,fh,String,fh,路径,fh,是,fh,无,fh,100,fh,0Q313596790TYPE,fh,Integer,fh,状态,fh,是,fh,无,fh,2,fh,0Q313596790FORDER,fh,Integer,fh,排序,fh,是,fh,无,fh,3,fh,0Q313596790', '2016-06-03 17:53:22', '登录页面背景图片', 'single');
INSERT INTO `sys_createcode` VALUES ('49d985e081ed44e6b34ba1b8c5466e39', 'fhdb', 'TimingBackUp', 'DB_,fh,TIMINGBACKUP', 'JOBNAME,fh,String,fh,任务名称,fh,否,fh,无,fh,50Q313596790CREATE_TIME,fh,Date,fh,创建时间,fh,否,fh,无,fh,32Q313596790TABLENAME,fh,String,fh,表名,fh,是,fh,无,fh,50Q313596790TYPE,fh,Integer,fh,类型,fh,否,fh,无,fh,1Q313596790FHTIME,fh,String,fh,时间规则,fh,是,fh,无,fh,30Q313596790TIMEEXPLAIN,fh,String,fh,规则说明,fh,是,fh,无,fh,100Q313596790BZ,fh,String,fh,备注,fh,是,fh,无,fh,255Q313596790', '2016-04-09 11:53:38', '定时备份', 'single');
INSERT INTO `sys_createcode` VALUES ('4def60c58aa148b7998270978660ef30', 'fhoa', 'Fhfile', 'OA_,fh,FHFILE', 'NAME,fh,String,fh,文件名,fh,是,fh,无,fh,30,fh,0Q313596790FILEPATH,fh,String,fh,路径,fh,是,fh,无,fh,100,fh,0Q313596790CTIME,fh,Date,fh,上传时间,fh,否,fh,无,fh,32,fh,0Q313596790BZ,fh,String,fh,备注,fh,是,fh,无,fh,100,fh,0Q313596790USERNAME,fh,String,fh,长传者,fh,否,fh,无,fh,50,fh,0Q313596790DEPARTMENT_ID,fh,String,fh,部门ID,fh,否,fh,无,fh,100,fh,0Q313596790FILESIZE,fh,String,fh,文件大小,fh,否,fh,无,fh,10,fh,0Q313596790', '2016-05-27 20:52:01', '文件管理', 'single');
INSERT INTO `sys_createcode` VALUES ('91af9fe509704fa68f6bca121359e3ec', 'fhoa', 'Staff', 'OA_,fh,STAFF', 'NAME,fh,String,fh,姓名,fh,是,fh,无,fh,50,fh,0Q313596790NAME_EN,fh,String,fh,英文,fh,是,fh,无,fh,50,fh,0Q313596790BIANMA,fh,String,fh,编码,fh,是,fh,无,fh,100,fh,0Q313596790DEPARTMENT_ID,fh,String,fh,部门,fh,是,fh,无,fh,100,fh,0Q313596790FUNCTIONS,fh,String,fh,职责,fh,是,fh,无,fh,255,fh,0Q313596790TEL,fh,String,fh,电话,fh,是,fh,无,fh,20,fh,0Q313596790EMAIL,fh,String,fh,邮箱,fh,是,fh,无,fh,50,fh,0Q313596790SEX,fh,String,fh,性别,fh,是,fh,无,fh,10,fh,0Q313596790BIRTHDAY,fh,Date,fh,出生日期,fh,是,fh,无,fh,32,fh,0Q313596790NATION,fh,String,fh,民族,fh,是,fh,无,fh,10,fh,0Q313596790JOBTYPE,fh,String,fh,岗位类别,fh,是,fh,无,fh,30,fh,0Q313596790JOBJOINTIME,fh,Date,fh,参加工作时间,fh,是,fh,无,fh,32,fh,0Q313596790FADDRESS,fh,String,fh,籍贯,fh,是,fh,无,fh,100,fh,0Q313596790POLITICAL,fh,String,fh,政治面貌,fh,是,fh,无,fh,30,fh,0Q313596790PJOINTIME,fh,Date,fh,入团时间,fh,是,fh,无,fh,32,fh,0Q313596790SFID,fh,String,fh,身份证号,fh,是,fh,无,fh,20,fh,0Q313596790MARITAL,fh,String,fh,婚姻状况,fh,是,fh,无,fh,10,fh,0Q313596790DJOINTIME,fh,Date,fh,进本单位时间,fh,是,fh,无,fh,32,fh,0Q313596790POST,fh,String,fh,现岗位,fh,是,fh,无,fh,30,fh,0Q313596790POJOINTIME,fh,Date,fh,上岗时间,fh,是,fh,无,fh,32,fh,0Q313596790EDUCATION,fh,String,fh,学历,fh,是,fh,无,fh,10,fh,0Q313596790SCHOOL,fh,String,fh,毕业学校,fh,是,fh,无,fh,30,fh,0Q313596790MAJOR,fh,String,fh,专业,fh,是,fh,无,fh,30,fh,0Q313596790FTITLE,fh,String,fh,职称,fh,是,fh,无,fh,30,fh,0Q313596790CERTIFICATE,fh,String,fh,职业资格证,fh,是,fh,无,fh,30,fh,0Q313596790CONTRACTLENGTH,fh,Integer,fh,劳动合同时长,fh,是,fh,无,fh,2,fh,0Q313596790CSTARTTIME,fh,Date,fh,签订日期,fh,是,fh,无,fh,32,fh,0Q313596790CENDTIME,fh,Date,fh,终止日期,fh,是,fh,无,fh,32,fh,0Q313596790ADDRESS,fh,String,fh,现住址,fh,是,fh,无,fh,100,fh,0Q313596790USER_ID,fh,String,fh,绑定账号ID,fh,否,fh,无,fh,100,fh,0Q313596790BZ,fh,String,fh,备注,fh,是,fh,无,fh,255,fh,0Q313596790', '2016-04-23 20:44:31', '员工管理', 'single');
INSERT INTO `sys_createcode` VALUES ('ae92803163ff44539e91711cfbe35411', 'fhoa', 'Datajur', 'OA_,fh,DATAJUR', 'DEPARTMENT_IDS,fh,String,fh,部门ID组合,fh,否,fh,无,fh,5000,fh,0Q313596790STAFF_ID,fh,String,fh,员工ID,fh,否,fh,无,fh,100,fh,0Q313596790DEPARTMENT_ID,fh,String,fh,部门ID,fh,是,fh,无,fh,100,fh,0Q313596790', '2016-04-27 03:49:39', '数据权限表', 'single');
INSERT INTO `sys_createcode` VALUES ('bf35ab8b2d064bf7928a04bba5e5a6dd', 'system', 'Fhsms', 'SYS_,fh,FHSMS', 'CONTENT,fh,String,fh,内容,fh,是,fh,无,fh,1000Q313596790TYPE,fh,String,fh,类型,fh,否,fh,无,fh,5Q313596790TO_USERNAME,fh,String,fh,收信人,fh,是,fh,无,fh,255Q313596790FROM_USERNAME,fh,String,fh,发信人,fh,是,fh,无,fh,255Q313596790SEND_TIME,fh,String,fh,发信时间,fh,是,fh,无,fh,100Q313596790STATUS,fh,String,fh,状态,fh,否,fh,无,fh,5Q313596790SANME_ID,fh,String,fh,共同ID,fh,是,fh,无,fh,100Q313596790', '2016-03-27 21:39:45', '站内信', 'single');
INSERT INTO `sys_createcode` VALUES ('c7586f931fd44c61beccd3248774c68c', 'system', 'Department', 'SYS_,fh,DEPARTMENT', 'NAME,fh,String,fh,名称,fh,是,fh,无,fh,30Q313596790NAME_EN,fh,String,fh,英文,fh,是,fh,无,fh,50Q313596790BIANMA,fh,String,fh,编码,fh,是,fh,无,fh,50Q313596790PARENT_ID,fh,String,fh,上级ID,fh,否,fh,无,fh,100Q313596790BZ,fh,String,fh,备注,fh,是,fh,无,fh,255Q313596790HEADMAN,fh,String,fh,负责人,fh,是,fh,无,fh,30Q313596790TEL,fh,String,fh,电话,fh,是,fh,无,fh,50Q313596790FUNCTIONS,fh,String,fh,部门职能,fh,是,fh,无,fh,255Q313596790ADDRESS,fh,String,fh,地址,fh,是,fh,无,fh,255Q313596790', '2015-12-20 01:49:25', '组织机构', 'tree');
INSERT INTO `sys_createcode` VALUES ('c937e21208914e5b8fb1202c685bbf2f', 'fhdb', 'Fhdb', 'DB_,fh,FHDB', 'USERNAME,fh,String,fh,操作用户,fh,否,fh,无,fh,50Q313596790BACKUP_TIME,fh,Date,fh,备份时间,fh,否,fh,无,fh,32Q313596790TABLENAME,fh,String,fh,表名,fh,是,fh,无,fh,50Q313596790SQLPATH,fh,String,fh,存储位置,fh,否,fh,无,fh,300Q313596790TYPE,fh,Integer,fh,类型,fh,是,fh,无,fh,1Q313596790DBSIZE,fh,String,fh,文件大小,fh,否,fh,无,fh,10Q313596790BZ,fh,String,fh,备注,fh,否,fh,无,fh,255Q313596790', '2016-03-30 13:46:54', '数据库管理', 'single');
INSERT INTO `sys_createcode` VALUES ('fe239f8742194481a5b56f90cad71520', 'system', 'Fhbutton', 'SYS_,fh,FHBUTTON', 'NAME,fh,String,fh,名称,fh,是,fh,无,fh,30Q313596790QX_NAME,fh,String,fh,权限标识,fh,是,fh,无,fh,50Q313596790BZ,fh,String,fh,备注,fh,是,fh,无,fh,255Q313596790', '2016-01-15 18:38:40', '按钮管理', 'single');
INSERT INTO `sys_createcode` VALUES ('ff6e6cdc87ba42579b033cf4925d4d70', 'dst', 'DataSource2', 'DS_,fh,DATASOURCE2', 'TITLE,fh,String,fh,标题,fh,是,fh,无,fh,100,fh,0Q313596790CONTENT,fh,String,fh,内容,fh,是,fh,无,fh,255,fh,0Q313596790', '2016-05-23 15:51:46', '第2数据源例子', 'single');

-- ----------------------------
-- Table structure for sys_dictionaries
-- ----------------------------
DROP TABLE IF EXISTS `sys_dictionaries`;
CREATE TABLE `sys_dictionaries` (
  `DICTIONARIES_ID` varchar(100) NOT NULL,
  `NAME` varchar(30) DEFAULT NULL COMMENT '名称',
  `NAME_EN` varchar(50) DEFAULT NULL COMMENT '英文',
  `BIANMA` varchar(50) DEFAULT NULL COMMENT '编码',
  `ORDER_BY` int(11) NOT NULL COMMENT '排序',
  `PARENT_ID` varchar(100) DEFAULT NULL COMMENT '上级ID',
  `BZ` varchar(255) DEFAULT NULL COMMENT '备注',
  `TBSNAME` varchar(100) DEFAULT NULL COMMENT '排查表',
  PRIMARY KEY (`DICTIONARIES_ID`)
) ENGINE=InnoDB DEFAULT CHARSET=utf8;

-- ----------------------------
-- Records of sys_dictionaries
-- ----------------------------
INSERT INTO `sys_dictionaries` VALUES ('0193ffbfae1e49e0b7810546cada316a', '济南', 'JiNan', '0030301', '1', '10f46a521ea0471f8d71ee75ac3b5f3a', '济南', '');
INSERT INTO `sys_dictionaries` VALUES ('096e4ec8986149d994b09e604504e38d', '黄浦区', 'huangpu', '0030201', '1', 'f1ea30ddef1340609c35c88fb2919bee', '黄埔', '');
INSERT INTO `sys_dictionaries` VALUES ('10f46a521ea0471f8d71ee75ac3b5f3a', '山东', 'ShanDong', '00303', '3', 'be4a8c5182c744d28282a5345783a77f', '山东省', '');
INSERT INTO `sys_dictionaries` VALUES ('12a62a3e5bed44bba0412b7e6b733c93', '北京', 'beijing', '00301', '1', 'be4a8c5182c744d28282a5345783a77f', '北京', '');
INSERT INTO `sys_dictionaries` VALUES ('507fa87a49104c7c8cdb52fdb297da12', '宣武区', 'xuanwuqu', '0030101', '1', '12a62a3e5bed44bba0412b7e6b733c93', '宣武区', '');
INSERT INTO `sys_dictionaries` VALUES ('66f1ff79b13947da98525aff7380ef50', '高新区', 'gaoxinqu', '003030101', '1', '0193ffbfae1e49e0b7810546cada316a', '高新区', '');
INSERT INTO `sys_dictionaries` VALUES ('8994f5995f474e2dba6cfbcdfe5ea07a', '语文', 'yuwen', '00201', '1', 'fce20eb06d7b4b4d8f200eda623f725c', '语文', '');
INSERT INTO `sys_dictionaries` VALUES ('8ea7c44af25f48b993a14f791c8d689f', '分类', 'fenlei', '001', '1', '0', '分类', '');
INSERT INTO `sys_dictionaries` VALUES ('be4a8c5182c744d28282a5345783a77f', '地区', 'diqu', '003', '3', '0', '地区', '');
INSERT INTO `sys_dictionaries` VALUES ('d428594b0494476aa7338d9061e23ae3', '红色', 'red', '00101', '1', '8ea7c44af25f48b993a14f791c8d689f', '红色', '');
INSERT INTO `sys_dictionaries` VALUES ('de9afadfbed0428fa343704d6acce2c4', '绿色', 'green', '00102', '2', '8ea7c44af25f48b993a14f791c8d689f', '绿色', '');
INSERT INTO `sys_dictionaries` VALUES ('f1ea30ddef1340609c35c88fb2919bee', '上海', 'shanghai', '00302', '2', 'be4a8c5182c744d28282a5345783a77f', '上海', '');
INSERT INTO `sys_dictionaries` VALUES ('fce20eb06d7b4b4d8f200eda623f725c', '课程', 'kecheng', '002', '2', '0', '课程', '');

-- ----------------------------
-- Table structure for sys_fhbutton
-- ----------------------------
DROP TABLE IF EXISTS `sys_fhbutton`;
CREATE TABLE `sys_fhbutton` (
  `FHBUTTON_ID` varchar(100) NOT NULL,
  `NAME` varchar(30) DEFAULT NULL COMMENT '名称',
  `QX_NAME` varchar(50) DEFAULT NULL COMMENT '权限标识',
  `BZ` varchar(255) DEFAULT NULL COMMENT '备注',
  PRIMARY KEY (`FHBUTTON_ID`)
) ENGINE=InnoDB DEFAULT CHARSET=utf8;

-- ----------------------------
-- Records of sys_fhbutton
-- ----------------------------
INSERT INTO `sys_fhbutton` VALUES ('3542adfbda73410c976e185ffe50ad06', '导出EXCEL', 'toExcel', '导出EXCEL');
INSERT INTO `sys_fhbutton` VALUES ('46992ea280ba4b72b29dedb0d4bc0106', '发邮件', 'email', '发送电子邮件');
INSERT INTO `sys_fhbutton` VALUES ('4c7f34b9eed54683957f356afcda24df', '组织机构数据权限', 'Datajur', '组织机构数据权限按钮');
INSERT INTO `sys_fhbutton` VALUES ('4efa162fce8340f0bd2dcd3b11d327ec', '导入EXCEL', 'FromExcel', '导入EXCEL到系统用户');
INSERT INTO `sys_fhbutton` VALUES ('cc51b694d5344d28a9aa13c84b7166cd', '发短信', 'sms', '发送短信');
INSERT INTO `sys_fhbutton` VALUES ('da7fd386de0b49ce809984f5919022b8', '站内信', 'FHSMS', '发送站内信');
INSERT INTO `sys_fhbutton` VALUES ('fc5e8767b4564f34a0d2ce2375fcc92e', '绑定用户', 'userBinding', '绑定用户');

-- ----------------------------
-- Table structure for sys_fhlog
-- ----------------------------
DROP TABLE IF EXISTS `sys_fhlog`;
CREATE TABLE `sys_fhlog` (
  `FHLOG_ID` varchar(100) NOT NULL,
  `USERNAME` varchar(100) DEFAULT NULL COMMENT '用户名',
  `CZTIME` varchar(32) DEFAULT NULL COMMENT '操作时间',
  `CONTENT` varchar(255) DEFAULT NULL COMMENT '事件',
  PRIMARY KEY (`FHLOG_ID`)
) ENGINE=InnoDB DEFAULT CHARSET=utf8;

-- ----------------------------
-- Records of sys_fhlog
-- ----------------------------
INSERT INTO `sys_fhlog` VALUES ('1261856d234e406eb63f8978852a50fd', 'san', '2016-06-06 03:09:11', '登录系统');
INSERT INTO `sys_fhlog` VALUES ('5db0e35e64654c2891ec86514e2fbe7f', 'san', '2016-06-06 02:28:46', '登录系统');
INSERT INTO `sys_fhlog` VALUES ('852a8f7b0e3247a3ba8d41edb72a9d28', 'admin', '2016-06-06 02:28:38', '退出');
INSERT INTO `sys_fhlog` VALUES ('87c7f863a2e64c98a314d7f3c584f3ac', 'admin', '2016-06-06 02:27:47', '登录系统');
INSERT INTO `sys_fhlog` VALUES ('905cadd055b847cb9dce295861a1dbf2', 'san', '2016-06-06 02:29:18', '修改角色菜单权限，角色ID为:3264c8e83d0248bb9e3ea6195b4c0216');
INSERT INTO `sys_fhlog` VALUES ('af4aee65e0f14c869db350c4bd4c1bf7', 'admin', '2016-06-06 00:15:44', '退出');
INSERT INTO `sys_fhlog` VALUES ('c24f88af7638476e84481e65ffb3b7d3', 'san', '2016-06-06 02:29:23', '登录系统');
INSERT INTO `sys_fhlog` VALUES ('e7bf3ac392954e509e4c0341f4869a95', 'san', '2016-06-06 02:29:19', '退出');

-- ----------------------------
-- Table structure for sys_fhsms
-- ----------------------------
DROP TABLE IF EXISTS `sys_fhsms`;
CREATE TABLE `sys_fhsms` (
  `FHSMS_ID` varchar(100) NOT NULL,
  `CONTENT` varchar(1000) DEFAULT NULL COMMENT '内容',
  `TYPE` varchar(5) DEFAULT NULL COMMENT '类型',
  `TO_USERNAME` varchar(255) DEFAULT NULL COMMENT '收信人',
  `FROM_USERNAME` varchar(255) DEFAULT NULL COMMENT '发信人',
  `SEND_TIME` varchar(100) DEFAULT NULL COMMENT '发信时间',
  `STATUS` varchar(5) DEFAULT NULL COMMENT '状态',
  `SANME_ID` varchar(100) DEFAULT NULL,
  PRIMARY KEY (`FHSMS_ID`)
) ENGINE=InnoDB DEFAULT CHARSET=utf8;

-- ----------------------------
-- Records of sys_fhsms
-- ----------------------------
INSERT INTO `sys_fhsms` VALUES ('05879f5868824f35932ee9f2062adc03', '你好', '2', 'admin', 'san', '2016-01-25 14:05:31', '1', 'b311e893228f42d5a05dbe16917fd16f');
INSERT INTO `sys_fhsms` VALUES ('2635dd035c6f4bb5a091abdd784bd899', '你好', '2', 'san', 'admin', '2016-01-25 14:05:02', '1', '1b7637306683460f89174c2b025862b5');
INSERT INTO `sys_fhsms` VALUES ('52378ccd4e2d4fe08994d1652af87c68', '你好', '1', 'admin', 'san', '2016-01-25 16:26:44', '1', '920b20dafdfb4c09b560884eb277c51d');
INSERT INTO `sys_fhsms` VALUES ('77ed13f9c49a4c4bb460c41b8580dd36', 'gggg', '2', 'admin', 'san', '2016-01-24 21:22:43', '2', 'dd9ee339576e48c5b046b94fa1901d00');
INSERT INTO `sys_fhsms` VALUES ('98a6869f942042a1a037d9d9f01cb50f', '你好', '1', 'admin', 'san', '2016-01-25 14:05:02', '1', '1b7637306683460f89174c2b025862b5');
INSERT INTO `sys_fhsms` VALUES ('9e00295529014b6e8a27019cbccb3da1', '柔柔弱弱', '1', 'admin', 'san', '2016-01-24 21:22:57', '1', 'a29603d613ea4e54b5678033c1bf70a6');
INSERT INTO `sys_fhsms` VALUES ('d3aedeb430f640359bff86cd657a8f59', '你好', '1', 'admin', 'san', '2016-01-24 21:22:12', '1', 'f022fbdce3d845aba927edb698beb90b');
INSERT INTO `sys_fhsms` VALUES ('e5376b1bd54b489cb7f2203632bd74ec', '管理员好', '2', 'admin', 'san', '2016-01-25 14:06:13', '2', 'b347b2034faf43c79b54be4627f3bd2b');
INSERT INTO `sys_fhsms` VALUES ('e613ac0fcc454f32895a70b747bf4fb5', '你也好', '2', 'admin', 'san', '2016-01-25 16:27:54', '2', 'ce8dc3b15afb40f28090f8b8e13f078d');
INSERT INTO `sys_fhsms` VALUES ('f25e00cfafe741a3a05e3839b66dc7aa', '你好', '2', 'san', 'admin', '2016-01-25 16:26:44', '1', '920b20dafdfb4c09b560884eb277c51d');

-- ----------------------------
-- Table structure for sys_loginimg
-- ----------------------------
DROP TABLE IF EXISTS `sys_loginimg`;
CREATE TABLE `sys_loginimg` (
  `LOGINIMG_ID` varchar(100) NOT NULL,
  `NAME` varchar(30) DEFAULT NULL COMMENT '文件名',
  `FILEPATH` varchar(100) DEFAULT NULL COMMENT '路径',
  `TYPE` int(2) NOT NULL COMMENT '状态',
  `FORDER` int(3) NOT NULL COMMENT '排序',
  PRIMARY KEY (`LOGINIMG_ID`)
) ENGINE=InnoDB DEFAULT CHARSET=utf8;

-- ----------------------------
-- Records of sys_loginimg
-- ----------------------------

-- ----------------------------
-- Table structure for sys_menu
-- ----------------------------
DROP TABLE IF EXISTS `sys_menu`;
CREATE TABLE `sys_menu` (
  `MENU_ID` int(11) NOT NULL,
  `MENU_NAME` varchar(255) DEFAULT NULL,
  `MENU_URL` varchar(255) DEFAULT NULL,
  `PARENT_ID` varchar(100) DEFAULT NULL,
  `MENU_ORDER` varchar(100) DEFAULT NULL,
  `MENU_ICON` varchar(60) DEFAULT NULL,
  `MENU_TYPE` varchar(10) DEFAULT NULL,
  `MENU_STATE` int(1) DEFAULT NULL,
  PRIMARY KEY (`MENU_ID`)
) ENGINE=InnoDB DEFAULT CHARSET=utf8;

-- ----------------------------
-- Records of sys_menu
-- ----------------------------
INSERT INTO `sys_menu` VALUES ('1', '系统管理', '#', '0', '1', 'menu-icon fa fa-desktop blue', '2', '1');
INSERT INTO `sys_menu` VALUES ('2', '权限管理', '#', '1', '1', 'menu-icon fa fa-lock black', '1', '1');
INSERT INTO `sys_menu` VALUES ('3', '日志管理', 'fhlog/list.do', '1', '6', 'menu-icon fa fa-book blue', '1', '1');
INSERT INTO `sys_menu` VALUES ('4', '文件管理', 'fhfile/list.do', '59', '3', 'menu-icon fa fa-folder-open purple', '1', '1');
INSERT INTO `sys_menu` VALUES ('6', '信息管理', '#', '0', '5', 'menu-icon fa fa-credit-card green', '2', '1');
INSERT INTO `sys_menu` VALUES ('7', '图片管理', '#', '6', '1', 'menu-icon fa fa-folder-o pink', '2', '1');
INSERT INTO `sys_menu` VALUES ('8', '性能监控', 'druid/index.html', '9', '8', 'menu-icon fa fa-tachometer red', '1', '1');
INSERT INTO `sys_menu` VALUES ('9', '系统工具', '#', '0', '3', 'menu-icon fa fa-cog black', '2', '1');
INSERT INTO `sys_menu` VALUES ('10', '接口测试', 'tool/interfaceTest.do', '9', '2', 'menu-icon fa fa-exchange green', '1', '1');
INSERT INTO `sys_menu` VALUES ('11', '发送邮件', 'tool/goSendEmail.do', '9', '3', 'menu-icon fa fa-envelope-o green', '1', '1');
INSERT INTO `sys_menu` VALUES ('12', '置二维码', 'tool/goTwoDimensionCode.do', '9', '4', 'menu-icon fa fa-barcode green', '1', '1');
INSERT INTO `sys_menu` VALUES ('14', '地图工具', 'tool/map.do', '9', '6', 'menu-icon fa fa-globe black', '1', '1');
INSERT INTO `sys_menu` VALUES ('15', '微信管理', '#', '0', '4', 'menu-icon fa fa-comments purple', '2', '1');
INSERT INTO `sys_menu` VALUES ('16', '文本回复', 'textmsg/list.do', '15', '2', 'menu-icon fa fa-comment green', '2', '1');
INSERT INTO `sys_menu` VALUES ('17', '应用命令', 'command/list.do', '15', '4', 'menu-icon fa fa-comment grey', '2', '1');
INSERT INTO `sys_menu` VALUES ('18', '图文回复', 'imgmsg/list.do', '15', '3', 'menu-icon fa fa-comment pink', '2', '1');
INSERT INTO `sys_menu` VALUES ('19', '关注回复', 'textmsg/goSubscribe.do', '15', '1', 'menu-icon fa fa-comment orange', '2', '1');
INSERT INTO `sys_menu` VALUES ('20', '在线管理', 'onlinemanager/list.do', '1', '5', 'menu-icon fa fa-laptop green', '1', '1');
INSERT INTO `sys_menu` VALUES ('21', '打印测试', 'tool/printTest.do', '9', '7', 'menu-icon fa fa-hdd-o grey', '1', '1');
INSERT INTO `sys_menu` VALUES ('22', '一级菜单', '#', '0', '10', 'menu-icon fa fa-fire orange', '2', '1');
INSERT INTO `sys_menu` VALUES ('23', '二级菜单', '#', '22', '1', 'menu-icon fa fa-leaf black', '1', '1');
INSERT INTO `sys_menu` VALUES ('24', '三级菜单', '#', '23', '1', 'menu-icon fa fa-leaf black', '1', '1');
INSERT INTO `sys_menu` VALUES ('30', '四级菜单', '#', '24', '1', 'menu-icon fa fa-leaf black', '1', '1');
INSERT INTO `sys_menu` VALUES ('31', '五级菜单1', '#', '30', '1', 'menu-icon fa fa-leaf black', '1', '1');
INSERT INTO `sys_menu` VALUES ('32', '五级菜单2', '#', '30', '2', 'menu-icon fa fa-leaf black', '1', '1');
INSERT INTO `sys_menu` VALUES ('33', '六级菜单', '#', '31', '1', 'menu-icon fa fa-leaf black', '1', '1');
INSERT INTO `sys_menu` VALUES ('34', '六级菜单2', 'login_default.do', '31', '2', 'menu-icon fa fa-leaf black', '1', '1');
INSERT INTO `sys_menu` VALUES ('35', '四级菜单2', 'login_default.do', '24', '2', 'menu-icon fa fa-leaf black', '1', '1');
INSERT INTO `sys_menu` VALUES ('36', '角色(基础权限)', 'role.do', '2', '1', 'menu-icon fa fa-key orange', '1', '1');
INSERT INTO `sys_menu` VALUES ('37', '按钮权限', 'buttonrights/list.do', '2', '2', 'menu-icon fa fa-key green', '1', '1');
INSERT INTO `sys_menu` VALUES ('38', '菜单管理', 'menu/listAllMenu.do', '1', '3', 'menu-icon fa fa-folder-open-o brown', '1', '1');
INSERT INTO `sys_menu` VALUES ('39', '按钮管理', 'fhbutton/list.do', '1', '2', 'menu-icon fa fa-download orange', '1', '1');
INSERT INTO `sys_menu` VALUES ('40', '用户管理', '#', '0', '2', 'menu-icon fa fa-users blue', '2', '1');
INSERT INTO `sys_menu` VALUES ('41', '系统用户', 'user/listUsers.do', '40', '1', 'menu-icon fa fa-users green', '1', '1');
INSERT INTO `sys_menu` VALUES ('42', '会员管理', 'happuser/listUsers.do', '40', '2', 'menu-icon fa fa-users orange', '1', '1');
INSERT INTO `sys_menu` VALUES ('43', '数据字典', 'dictionaries/listAllDict.do?DICTIONARIES_ID=0', '1', '4', 'menu-icon fa fa-book purple', '1', '1');
INSERT INTO `sys_menu` VALUES ('44', '代码生成器', '#', '9', '0', 'menu-icon fa fa-cogs brown', '1', '1');
INSERT INTO `sys_menu` VALUES ('45', '七级菜单1', '#', '33', '1', 'menu-icon fa fa-leaf black', '1', '1');
INSERT INTO `sys_menu` VALUES ('46', '七级菜单2', '#', '33', '2', 'menu-icon fa fa-leaf black', '1', '1');
INSERT INTO `sys_menu` VALUES ('47', '八级菜单', 'login_default.do', '45', '1', 'menu-icon fa fa-leaf black', '1', '1');
INSERT INTO `sys_menu` VALUES ('48', '图表报表', ' tool/fusionchartsdemo.do', '9', '5', 'menu-icon fa fa-bar-chart-o black', '1', '1');
INSERT INTO `sys_menu` VALUES ('50', '站内信', 'fhsms/list.do', '6', '3', 'menu-icon fa fa-envelope green', '1', '1');
INSERT INTO `sys_menu` VALUES ('51', '图片列表', 'pictures/list.do', '7', '1', 'menu-icon fa fa-folder-open-o green', '1', '1');
INSERT INTO `sys_menu` VALUES ('52', '图片爬虫', 'pictures/goImageCrawler.do', '7', '2', 'menu-icon fa fa-cloud-download green', '1', '1');
INSERT INTO `sys_menu` VALUES ('53', '表单构建器', 'tool/goFormbuilder.do', '9', '1', 'menu-icon fa fa-leaf black', '1', '1');
INSERT INTO `sys_menu` VALUES ('54', '数据库管理', '#', '0', '9', 'menu-icon fa fa-hdd-o blue', '2', '1');
INSERT INTO `sys_menu` VALUES ('55', '数据库备份', 'brdb/listAllTable.do', '54', '1', 'menu-icon fa fa-cloud-upload blue', '1', '1');
INSERT INTO `sys_menu` VALUES ('56', '数据库还原', 'brdb/list.do', '54', '3', 'menu-icon fa fa-cloud-download blue', '1', '1');
INSERT INTO `sys_menu` VALUES ('57', '备份定时器', 'timingbackup/list.do', '54', '2', 'menu-icon fa fa-tachometer blue', '1', '1');
INSERT INTO `sys_menu` VALUES ('58', 'SQL编辑器', 'sqledit/view.do', '54', '4', 'menu-icon fa fa-pencil-square-o blue', '1', '1');
INSERT INTO `sys_menu` VALUES ('59', 'OA办公', '#', '0', '6', 'menu-icon fa fa-laptop pink', '2', '1');
INSERT INTO `sys_menu` VALUES ('60', '组织机构', 'department/listAllDepartment.do?DEPARTMENT_ID=0', '59', '1', 'menu-icon fa fa-users green', '1', '1');
INSERT INTO `sys_menu` VALUES ('61', '反向生成', 'recreateCode/list.do', '44', '2', 'menu-icon fa fa-cogs blue', '1', '1');
INSERT INTO `sys_menu` VALUES ('62', '正向生成', 'createCode/list.do', '44', '1', 'menu-icon fa fa-cogs green', '1', '1');
INSERT INTO `sys_menu` VALUES ('63', '主附结构', 'attached/list.do', '6', '2', 'menu-icon fa fa-folder-open blue', '1', '1');
INSERT INTO `sys_menu` VALUES ('64', '员工管理', 'staff/list.do', '59', '2', 'menu-icon fa fa-users blue', '1', '1');
INSERT INTO `sys_menu` VALUES ('65', '多数据源', 'datasource2/list.do', '6', '4', 'menu-icon fa fa-folder-open-o purple', '1', '0');
INSERT INTO `sys_menu` VALUES ('66', '下拉联动', 'linkage/view.do', '6', '5', 'menu-icon fa fa-exchange green', '1', '1');

-- ----------------------------
-- Table structure for sys_role
-- ----------------------------
DROP TABLE IF EXISTS `sys_role`;
CREATE TABLE `sys_role` (
  `ROLE_ID` varchar(100) NOT NULL,
  `ROLE_NAME` varchar(100) DEFAULT NULL,
  `RIGHTS` varchar(255) DEFAULT NULL,
  `PARENT_ID` varchar(100) DEFAULT NULL,
  `ADD_QX` varchar(255) DEFAULT NULL,
  `DEL_QX` varchar(255) DEFAULT NULL,
  `EDIT_QX` varchar(255) DEFAULT NULL,
  `CHA_QX` varchar(255) DEFAULT NULL,
  PRIMARY KEY (`ROLE_ID`)
) ENGINE=InnoDB DEFAULT CHARSET=utf8;

-- ----------------------------
-- Records of sys_role
-- ----------------------------
INSERT INTO `sys_role` VALUES ('1', '系统管理组', '147573389638682795998', '0', '1', '1', '1', '1');
INSERT INTO `sys_role` VALUES ('115b386ff04f4352b060dffcd2b5d1da', '中级会员', '', '2', '0', '0', '0', '0');
INSERT INTO `sys_role` VALUES ('1b67fc82ce89457a8347ae53e43a347e', '初级会员', '', '2', '0', '0', '0', '0');
INSERT INTO `sys_role` VALUES ('2', '会员组', '', '0', '0', '0', '0', '1');
INSERT INTO `sys_role` VALUES ('3', '注册用户', '', '1', '', '0', '0', '0');
INSERT INTO `sys_role` VALUES ('3264c8e83d0248bb9e3ea6195b4c0216', '一级管理员', '147573389638682795998', '1', '36892925196425486294', '36892925196425486294', '36892925196425486294', '36892925196425486294');
INSERT INTO `sys_role` VALUES ('46294b31a71c4600801724a6eb06bb26', '职位组', '', '0', '0', '0', '0', '0');
INSERT INTO `sys_role` VALUES ('5466347ac07044cb8d82990ec7f3a90e', '主管', '', '46294b31a71c4600801724a6eb06bb26', '0', '0', '0', '0');
INSERT INTO `sys_role` VALUES ('68f8e4a39efe47c7bb869e9d15ab925d', '二级管理员', '73786413343844589510', '1', '0', '0', '2251798773489606', '0');
INSERT INTO `sys_role` VALUES ('856849f422774ad390a4e564054d8cc8', '经理', '', '46294b31a71c4600801724a6eb06bb26', '0', '0', '0', '0');
INSERT INTO `sys_role` VALUES ('8b70a7e67f2841e7aaba8a4d92e5ff6f', '高级会员', '', '2', '0', '0', '0', '0');
INSERT INTO `sys_role` VALUES ('c21cecf84048434b93383182b1d98cba', '组长', '', '46294b31a71c4600801724a6eb06bb26', '0', '0', '0', '0');
INSERT INTO `sys_role` VALUES ('d449195cd8e7491080688c58e11452eb', '总监', '', '46294b31a71c4600801724a6eb06bb26', '0', '0', '0', '0');
INSERT INTO `sys_role` VALUES ('de9de2f006e145a29d52dfadda295353', '三级管理员', '73786413343844589510', '1', '0', '0', '0', '0');

-- ----------------------------
-- Table structure for sys_role_fhbutton
-- ----------------------------
DROP TABLE IF EXISTS `sys_role_fhbutton`;
CREATE TABLE `sys_role_fhbutton` (
  `RB_ID` varchar(100) NOT NULL,
  `ROLE_ID` varchar(100) DEFAULT NULL,
  `BUTTON_ID` varchar(100) DEFAULT NULL,
  PRIMARY KEY (`RB_ID`),
  KEY `角色表外键` (`ROLE_ID`) USING BTREE,
  KEY `fbutton` (`BUTTON_ID`),
  CONSTRAINT `fbutton` FOREIGN KEY (`BUTTON_ID`) REFERENCES `sys_fhbutton` (`FHBUTTON_ID`) ON DELETE CASCADE ON UPDATE CASCADE,
  CONSTRAINT `frole` FOREIGN KEY (`ROLE_ID`) REFERENCES `sys_role` (`ROLE_ID`) ON DELETE CASCADE ON UPDATE CASCADE
) ENGINE=InnoDB DEFAULT CHARSET=utf8;

-- ----------------------------
-- Records of sys_role_fhbutton
-- ----------------------------
INSERT INTO `sys_role_fhbutton` VALUES ('1743733f366240c693c4295b527d1b0e', 'de9de2f006e145a29d52dfadda295353', '4efa162fce8340f0bd2dcd3b11d327ec');
INSERT INTO `sys_role_fhbutton` VALUES ('469ffb4848ad49c389867d99560a4698', 'de9de2f006e145a29d52dfadda295353', '46992ea280ba4b72b29dedb0d4bc0106');
INSERT INTO `sys_role_fhbutton` VALUES ('4ee1e2bc03a64ef1bc578fcf2e2ea2c1', '68f8e4a39efe47c7bb869e9d15ab925d', '3542adfbda73410c976e185ffe50ad06');
INSERT INTO `sys_role_fhbutton` VALUES ('5669c8754b4d4e368365ed5065f9fc10', '3264c8e83d0248bb9e3ea6195b4c0216', '3542adfbda73410c976e185ffe50ad06');
INSERT INTO `sys_role_fhbutton` VALUES ('6cc655a1f9b746eea6af9df540f8e743', '3', 'da7fd386de0b49ce809984f5919022b8');
INSERT INTO `sys_role_fhbutton` VALUES ('74203935bfa34ce3b9b80e81f2a2bcfe', '68f8e4a39efe47c7bb869e9d15ab925d', '4efa162fce8340f0bd2dcd3b11d327ec');
INSERT INTO `sys_role_fhbutton` VALUES ('81d31bc5bf02490a85ce496b6755ef26', '3', '46992ea280ba4b72b29dedb0d4bc0106');
INSERT INTO `sys_role_fhbutton` VALUES ('8231c216fb514b4188e4162e629c6237', '3264c8e83d0248bb9e3ea6195b4c0216', '4efa162fce8340f0bd2dcd3b11d327ec');
INSERT INTO `sys_role_fhbutton` VALUES ('88f66a65ee1642bea7979e0e1050ac5f', '3', '4efa162fce8340f0bd2dcd3b11d327ec');
INSERT INTO `sys_role_fhbutton` VALUES ('8e478e8615ee455e95671ba05a29e457', 'de9de2f006e145a29d52dfadda295353', '3542adfbda73410c976e185ffe50ad06');
INSERT INTO `sys_role_fhbutton` VALUES ('91958c938bfe4a5fb7b18c7c6a871848', '3264c8e83d0248bb9e3ea6195b4c0216', 'fc5e8767b4564f34a0d2ce2375fcc92e');
INSERT INTO `sys_role_fhbutton` VALUES ('9c30cc6b58da480b83c8566f83f9f639', '3', 'fc5e8767b4564f34a0d2ce2375fcc92e');
INSERT INTO `sys_role_fhbutton` VALUES ('a45f54074f634b698038455f204faf26', 'de9de2f006e145a29d52dfadda295353', 'da7fd386de0b49ce809984f5919022b8');
INSERT INTO `sys_role_fhbutton` VALUES ('cebf4460cdb64161aa158baae84962fa', 'de9de2f006e145a29d52dfadda295353', 'fc5e8767b4564f34a0d2ce2375fcc92e');
INSERT INTO `sys_role_fhbutton` VALUES ('d51dc41918b040a78a021c9a43caf8d5', '68f8e4a39efe47c7bb869e9d15ab925d', 'da7fd386de0b49ce809984f5919022b8');
INSERT INTO `sys_role_fhbutton` VALUES ('d80abc961d594f75b65e90d5b7437aa9', '3', 'cc51b694d5344d28a9aa13c84b7166cd');
INSERT INTO `sys_role_fhbutton` VALUES ('f0329033d0914faf8ea6e9ff252cc5e6', '68f8e4a39efe47c7bb869e9d15ab925d', '46992ea280ba4b72b29dedb0d4bc0106');
INSERT INTO `sys_role_fhbutton` VALUES ('f627982cc9d4479dbc03af726dc6ac58', 'de9de2f006e145a29d52dfadda295353', 'cc51b694d5344d28a9aa13c84b7166cd');
INSERT INTO `sys_role_fhbutton` VALUES ('f919c1f620634bdaa353a9f63194a2e0', '3', '3542adfbda73410c976e185ffe50ad06');

-- ----------------------------
-- Table structure for sys_user
-- ----------------------------
DROP TABLE IF EXISTS `sys_user`;
CREATE TABLE `sys_user` (
  `USER_ID` varchar(100) NOT NULL,
  `USERNAME` varchar(255) DEFAULT NULL,
  `PASSWORD` varchar(255) DEFAULT NULL,
  `NAME` varchar(255) DEFAULT NULL,
  `RIGHTS` varchar(255) DEFAULT NULL,
  `ROLE_ID` varchar(100) DEFAULT NULL,
  `LAST_LOGIN` varchar(255) DEFAULT NULL,
  `IP` varchar(100) DEFAULT NULL,
  `STATUS` varchar(32) DEFAULT NULL,
  `BZ` varchar(255) DEFAULT NULL,
  `SKIN` varchar(100) DEFAULT NULL,
  `EMAIL` varchar(32) DEFAULT NULL,
  `NUMBER` varchar(100) DEFAULT NULL,
  `PHONE` varchar(32) DEFAULT NULL,
  PRIMARY KEY (`USER_ID`)
) ENGINE=InnoDB DEFAULT CHARSET=utf8;

-- ----------------------------
-- Records of sys_user
-- ----------------------------
INSERT INTO `sys_user` VALUES ('065202edd0cc44188e9c59c07b4742e1', 'f5', 'ee799c79f95442fe304a9a8f62d3988ae034cde8', 'f5', '', '3', '', '', '0', '注册用户', 'default', '12121212@qq.com', '', '');
INSERT INTO `sys_user` VALUES ('1', 'admin', 'de41b7fb99201d8334c23c014db35ecd92df81bc', 'FH', '1133671055321055258374707980945218933803269864762743594642571294', '1', '2016-06-06 02:27:47', '127.0.0.1', '0', 'admin', 'default', 'QQ313596790@main.com', '001', '18788888888');
INSERT INTO `sys_user` VALUES ('151aeac5570e4059b06329b65095f6a6', 'w5', 'b59f639d71549e18865961c6872a6140dcbb3c6c', 'ssssw', '', 'de9de2f006e145a29d52dfadda295353', '', '', '0', '121312', 'default', '121212121@qq.com', '21312312', '13798585856');
INSERT INTO `sys_user` VALUES ('280417faf62348ad82de85fa82206c85', 'w3', 'd77c1e457d6af24fa0bf31f0c08c331aaa15fd44', 'kkl', '', '68f8e4a39efe47c7bb869e9d15ab925d', '', '', '0', 'q1', 'default', '25222222@qq.com', '33656', '13796586965');
INSERT INTO `sys_user` VALUES ('456a34455b1241ebb7c373e4a245694c', 'f3', '2002cd759cf57a4eacdfe45110a76cf2a517c5fd', '111', '', '3', '', '', '0', '注册用户', 'default', '111@qq.com', '', '');
INSERT INTO `sys_user` VALUES ('69177258a06e4927b4639ab1684c3320', 'san', '47c4a8dc64ac2f0bb46bbd8813b037c9718f9349', '三', '', '3264c8e83d0248bb9e3ea6195b4c0216', '2016-06-06 03:09:10', '127.0.0.1', '0', '111', 'default', '978336446@qq.com', '333', '13562202556');
INSERT INTO `sys_user` VALUES ('69a8805832814c78b61563b6e787bd40', 'w2', 'a5815a141484a0a71ac71a11ca2faf5f7c67e8e7', 'wwqw', '', 'de9de2f006e145a29d52dfadda295353', '', '', '0', '1121', 'default', '12111111@qq.com', '121212', '13562202225');
INSERT INTO `sys_user` VALUES ('896496bf0906410d8495110e1b14f69e', 'oo1', '6a3833e90aeb440deba899cc9b39fbc79c18a946', 'D1', '', '68f8e4a39efe47c7bb869e9d15ab925d', '', '', '0', '121', 'default', 'pppp@qq.com', '12ww', '13793758969');
INSERT INTO `sys_user` VALUES ('9991f4d7782a4ccfb8a65bd96ea7aafa', 'lisi', '2612ade71c1e48cd7150b5f4df152faa699cedfe', '李四', '', '3264c8e83d0248bb9e3ea6195b4c0216', '2016-06-02 23:51:57', '127.0.0.1', '0', '小李', 'default', '313596790@qq.com', '1102', '13566233663');
INSERT INTO `sys_user` VALUES ('9a89f6cd9b654b71b39c6f8c6a54d6df', 's2', '796927602c27126ba11cb413b8549e8dc9c20fad', 'qwq', '', 'de9de2f006e145a29d52dfadda295353', '', '', '0', 'qq1', 'default', 'wwwwww@qq.com', '121211212', '13797858569');
INSERT INTO `sys_user` VALUES ('e128d0b8807b4a128d6390c44a6accef', 'tt1', '92617286a7ea59a8674463ea055e4fc727fb62b4', 'sss', '', '68f8e4a39efe47c7bb869e9d15ab925d', '', '', '0', 'ww', 'default', 'qqqqq@qq.com', '122121', '13793736586');
INSERT INTO `sys_user` VALUES ('e29149962e944589bb7da23ad18ddeed', 'zhangsan', 'c2da1419caf053885c492e10ebde421581cdc03f', '张三', '', '3264c8e83d0248bb9e3ea6195b4c0216', '', '', '0', '小张', 'default', 'zhangsan@www.com', '1101', '2147483647');
INSERT INTO `sys_user` VALUES ('e4a6c22ca4244d18ab969367677f5d5a', 'f1', '172179e343c5a9e153d41a658821556da74d1926', 'FH', '', '3', '2016-05-10 17:25:52', '127.0.0.1', '0', '注册用户', 'default', 'fhadmin@183.com', '', '');
INSERT INTO `sys_user` VALUES ('eded77bdf35347249b2bacfa181c869d', 'w1', 'c46e5c325e9edfbf213d5d82018ba3c522eabbea', '1212', '', '68f8e4a39efe47c7bb869e9d15ab925d', '', '', '0', '111', 'default', '1111116@qq.com', '112', '13566625555');

-- ----------------------------
-- Table structure for sys_userphoto
-- ----------------------------
DROP TABLE IF EXISTS `sys_userphoto`;
CREATE TABLE `sys_userphoto` (
  `USERPHOTO_ID` varchar(100) NOT NULL,
  `USERNAME` varchar(30) DEFAULT NULL COMMENT '用户名',
  `PHOTO0` varchar(255) DEFAULT NULL COMMENT '原图',
  `PHOTO1` varchar(100) DEFAULT NULL COMMENT '头像1',
  `PHOTO2` varchar(100) DEFAULT NULL COMMENT '头像2',
  `PHOTO3` varchar(100) DEFAULT NULL COMMENT '头像3',
  PRIMARY KEY (`USERPHOTO_ID`)
) ENGINE=InnoDB DEFAULT CHARSET=utf8;

-- ----------------------------
-- Records of sys_userphoto
-- ----------------------------

-- ----------------------------
-- Table structure for tb_attached
-- ----------------------------
DROP TABLE IF EXISTS `tb_attached`;
CREATE TABLE `tb_attached` (
  `ATTACHED_ID` varchar(100) NOT NULL,
  `NAME` varchar(255) DEFAULT NULL COMMENT '名称',
  `FDESCRIBE` varchar(255) DEFAULT NULL COMMENT '描述',
  `PRICE` double(11,2) DEFAULT NULL COMMENT '价格',
  `CTIME` varchar(32) DEFAULT NULL COMMENT '创建时间',
  PRIMARY KEY (`ATTACHED_ID`)
) ENGINE=InnoDB DEFAULT CHARSET=utf8;

-- ----------------------------
-- Records of tb_attached
-- ----------------------------
INSERT INTO `tb_attached` VALUES ('60d05d8e7d9046a4893f8bdaa34d6488', 'eee', 'ee', '22.00', '2016-04-22 15:33:23');
INSERT INTO `tb_attached` VALUES ('d74b6f507e784607b8f85e31e3cfad22', 'AA', 'aaa', '222.00', '2016-04-17 18:20:41');

-- ----------------------------
-- Table structure for tb_attachedmx
-- ----------------------------
DROP TABLE IF EXISTS `tb_attachedmx`;
CREATE TABLE `tb_attachedmx` (
  `ATTACHEDMX_ID` varchar(100) NOT NULL,
  `NAME` varchar(255) DEFAULT NULL COMMENT '名称',
  `TITLE` varchar(255) DEFAULT NULL COMMENT '标题',
  `CTIME` varchar(32) DEFAULT NULL COMMENT '创建日期',
  `PRICE` double(11,2) DEFAULT NULL COMMENT '单价',
  `ATTACHED_ID` varchar(100) DEFAULT NULL,
  PRIMARY KEY (`ATTACHEDMX_ID`)
) ENGINE=InnoDB DEFAULT CHARSET=utf8;

-- ----------------------------
-- Records of tb_attachedmx
-- ----------------------------
INSERT INTO `tb_attachedmx` VALUES ('04717d1a034c4e51aacd5e062a4c63bd', 'ddd', 'ddd', '2016-03-29', '111.00', 'd74b6f507e784607b8f85e31e3cfad22');
INSERT INTO `tb_attachedmx` VALUES ('7992c783fd0b476d90be363858a941ba', 'ddd', 'ddsds', '2016-04-06', '222.00', 'd74b6f507e784607b8f85e31e3cfad22');

-- ----------------------------
-- Table structure for tb_pictures
-- ----------------------------
DROP TABLE IF EXISTS `tb_pictures`;
CREATE TABLE `tb_pictures` (
  `PICTURES_ID` varchar(100) NOT NULL,
  `TITLE` varchar(255) DEFAULT NULL COMMENT '标题',
  `NAME` varchar(255) DEFAULT NULL COMMENT '文件名',
  `PATH` varchar(255) DEFAULT NULL COMMENT '路径',
  `CREATETIME` varchar(100) DEFAULT NULL COMMENT '创建时间',
  `MASTER_ID` varchar(255) DEFAULT NULL COMMENT '属于',
  `BZ` varchar(255) DEFAULT NULL COMMENT '备注',
  PRIMARY KEY (`PICTURES_ID`)
) ENGINE=InnoDB DEFAULT CHARSET=utf8;

-- ----------------------------
-- Records of tb_pictures
-- ----------------------------

-- ----------------------------
-- Table structure for weixin_command
-- ----------------------------
DROP TABLE IF EXISTS `weixin_command`;
CREATE TABLE `weixin_command` (
  `COMMAND_ID` varchar(100) NOT NULL,
  `KEYWORD` varchar(255) DEFAULT NULL COMMENT '关键词',
  `COMMANDCODE` varchar(255) DEFAULT NULL COMMENT '应用路径',
  `CREATETIME` varchar(255) DEFAULT NULL COMMENT '创建时间',
  `STATUS` int(1) NOT NULL COMMENT '状态',
  `BZ` varchar(255) DEFAULT NULL COMMENT '备注',
  PRIMARY KEY (`COMMAND_ID`)
) ENGINE=InnoDB DEFAULT CHARSET=utf8;

-- ----------------------------
-- Records of weixin_command
-- ----------------------------
INSERT INTO `weixin_command` VALUES ('2636750f6978451b8330874c9be042c2', '锁定服务器', 'rundll32.exe user32.dll,LockWorkStation', '2015-05-10 21:25:06', '1', '锁定计算机');
INSERT INTO `weixin_command` VALUES ('46217c6d44354010823241ef484f7214', '打开浏览器', 'C:/Program Files/Internet Explorer/iexplore.exe', '2015-05-09 02:43:02', '1', '打开浏览器操作');
INSERT INTO `weixin_command` VALUES ('576adcecce504bf3bb34c6b4da79a177', '关闭浏览器', 'taskkill /f /im iexplore.exe', '2015-05-09 02:36:48', '2', '关闭浏览器操作');
INSERT INTO `weixin_command` VALUES ('854a157c6d99499493f4cc303674c01f', '关闭QQ', 'taskkill /f /im qq.exe', '2015-05-10 21:25:46', '1', '关闭QQ');
INSERT INTO `weixin_command` VALUES ('ab3a8c6310ca4dc8b803ecc547e55ae7', '打开QQ', 'D:/SOFT/QQ/QQ/Bin/qq.exe', '2015-05-10 21:25:25', '1', '打开QQ');

-- ----------------------------
-- Table structure for weixin_imgmsg
-- ----------------------------
DROP TABLE IF EXISTS `weixin_imgmsg`;
CREATE TABLE `weixin_imgmsg` (
  `IMGMSG_ID` varchar(100) NOT NULL,
  `KEYWORD` varchar(255) DEFAULT NULL COMMENT '关键词',
  `CREATETIME` varchar(100) DEFAULT NULL COMMENT '创建时间',
  `STATUS` int(11) NOT NULL COMMENT '状态',
  `BZ` varchar(255) DEFAULT NULL COMMENT '备注',
  `TITLE1` varchar(255) DEFAULT NULL COMMENT '标题1',
  `DESCRIPTION1` varchar(255) DEFAULT NULL COMMENT '描述1',
  `IMGURL1` varchar(255) DEFAULT NULL COMMENT '图片地址1',
  `TOURL1` varchar(255) DEFAULT NULL COMMENT '超链接1',
  `TITLE2` varchar(255) DEFAULT NULL COMMENT '标题2',
  `DESCRIPTION2` varchar(255) DEFAULT NULL COMMENT '描述2',
  `IMGURL2` varchar(255) DEFAULT NULL COMMENT '图片地址2',
  `TOURL2` varchar(255) DEFAULT NULL COMMENT '超链接2',
  `TITLE3` varchar(255) DEFAULT NULL COMMENT '标题3',
  `DESCRIPTION3` varchar(255) DEFAULT NULL COMMENT '描述3',
  `IMGURL3` varchar(255) DEFAULT NULL COMMENT '图片地址3',
  `TOURL3` varchar(255) DEFAULT NULL COMMENT '超链接3',
  `TITLE4` varchar(255) DEFAULT NULL COMMENT '标题4',
  `DESCRIPTION4` varchar(255) DEFAULT NULL COMMENT '描述4',
  `IMGURL4` varchar(255) DEFAULT NULL COMMENT '图片地址4',
  `TOURL4` varchar(255) DEFAULT NULL COMMENT '超链接4',
  `TITLE5` varchar(255) DEFAULT NULL COMMENT '标题5',
  `DESCRIPTION5` varchar(255) DEFAULT NULL COMMENT '描述5',
  `IMGURL5` varchar(255) DEFAULT NULL COMMENT '图片地址5',
  `TOURL5` varchar(255) DEFAULT NULL COMMENT '超链接5',
  `TITLE6` varchar(255) DEFAULT NULL COMMENT '标题6',
  `DESCRIPTION6` varchar(255) DEFAULT NULL COMMENT '描述6',
  `IMGURL6` varchar(255) DEFAULT NULL COMMENT '图片地址6',
  `TOURL6` varchar(255) DEFAULT NULL COMMENT '超链接6',
  `TITLE7` varchar(255) DEFAULT NULL COMMENT '标题7',
  `DESCRIPTION7` varchar(255) DEFAULT NULL COMMENT '描述7',
  `IMGURL7` varchar(255) DEFAULT NULL COMMENT '图片地址7',
  `TOURL7` varchar(255) DEFAULT NULL COMMENT '超链接7',
  `TITLE8` varchar(255) DEFAULT NULL COMMENT '标题8',
  `DESCRIPTION8` varchar(255) DEFAULT NULL COMMENT '描述8',
  `IMGURL8` varchar(255) DEFAULT NULL COMMENT '图片地址8',
  `TOURL8` varchar(255) DEFAULT NULL COMMENT '超链接8',
  PRIMARY KEY (`IMGMSG_ID`)
) ENGINE=InnoDB DEFAULT CHARSET=utf8;

-- ----------------------------
-- Records of weixin_imgmsg
-- ----------------------------
INSERT INTO `weixin_imgmsg` VALUES ('380b2cb1f4954315b0e20618f7b5bd8f', '首页', '2015-05-10 20:51:09', '1', '图文回复', '图文回复标题', '图文回复描述', 'http://a.hiphotos.baidu.com/image/h%3D360/sign=c6c7e73ebc389b5027ffe654b535e5f1/a686c9177f3e6709392bb8df3ec79f3df8dc55e3.jpg', 'www.baidu.com', '', '', '', '', '', '', '', '', '', '', '', '', '', '', '', '', '', '', '', '', '', '', '', '', '', '', '', '');

-- ----------------------------
-- Table structure for weixin_textmsg
-- ----------------------------
DROP TABLE IF EXISTS `weixin_textmsg`;
CREATE TABLE `weixin_textmsg` (
  `TEXTMSG_ID` varchar(100) NOT NULL,
  `KEYWORD` varchar(255) DEFAULT NULL COMMENT '关键词',
  `CONTENT` varchar(255) DEFAULT NULL COMMENT '内容',
  `CREATETIME` varchar(100) DEFAULT NULL COMMENT '创建时间',
  `STATUS` int(2) DEFAULT NULL COMMENT '状态',
  `BZ` varchar(255) DEFAULT NULL COMMENT '备注',
  PRIMARY KEY (`TEXTMSG_ID`)
) ENGINE=InnoDB DEFAULT CHARSET=utf8;

-- ----------------------------
-- Records of weixin_textmsg
-- ----------------------------
INSERT INTO `weixin_textmsg` VALUES ('695cd74779734231928a253107ab0eeb', '吃饭', '吃了噢噢噢噢', '2015-05-10 22:52:27', '1', '文本回复');
INSERT INTO `weixin_textmsg` VALUES ('d4738af7aea74a6ca1a5fb25a98f9acb', '关注', '这里是关注后回复的内容', '2015-05-11 02:12:36', '1', '关注回复');
